codigo;nome;email
1;Fulano de Tal;fulano@tal.com
2;Ciclano de Araujo;ciclano@araujo.com
3;Beltrano Arruda;beltrano@arruda.com
4;Frank Knaesel;frank@knaesel.com
7;Pedro;pedro@gmail.com
9;Maria;maria@gmail.com
11;Jose;jose@gmail.com
5;Simão;simao@gmail.com
6;Nathanael;nathan@gmail.com
8;André;andre@gmail.com
